NAME,PASSWORD,EMAIL,ADDRESS
amarnath singh,amar@123,amar@capge.com,pune
amar singh,124@,amar@capge.com,saidpur
amars,4321@singh,amars@kipi.com,gorakhpur
nipun singh,nipun@123,nipun@gmail.com,jammu
bkhsxbx,gvjyhsdvdg4#263,xhgvhszgs@gmail.com,dcdwas
fsdfs,1233@34,fcdsdfd@gmail.com,cszc
amarnath,amar@9,amar@kipi.fvfv,pakistan
dcsaddsdc,@454555ddss,nipgm@h.com,dds
dcsaddsdc,@454555ddss,nipgm@h.com,dds
Test,test@123,test@test.com,surat
kuvar,kuvar@123,kuvar@gmail.com,kuvar
Dr Jango,drjango379@,drjango379@gmail.com,kanpur
lap,lap@1234,lap@lap.com,lap
hariom,hariom@123,hariom@gmail.com,mp
a,a,a,a